{
  "childApplicantCount": 0,
  "applicant": {
    "sequenceNumber": 0,
    "relationshipCode": "EMPLOYEE",
    "firstName": "Katherine",
    "middleName": "",
    "lastName": "Johnson",
    "dateOfBirth": "1918-08-26",
    "genderCode": "F",
    "heightFeet": 5,
    "heightInches": 5,
    "weight": 135
  },
  "employee": {
    "firstName": "Katherine",
    "middleName": "",
    "lastName": "Johnson",
    "dateOfBirth": "1918-08-26",
    "employeeAddressLine1": "2591 Marion Lane",
    "employeeAddressLine2": "",
    "employeeAddressLine3": "",
    "employeeAddressCity": "Newport News",
    "employeeAddressStateCode": "VA",
    "employeeAddressPostalCode": "42020",
    "employeeWorkPhoneNumber": "5993211955",
    "employeeMobilePhoneNumber": "9911941136",
    "employeeEmailAddress": "Katherine@naca.com",
    "employeeOccupation": "Computer",
    "locationCode": ""
  },
  "healthAnswers": [
    {
      "questionId": 0,
      "questionAnswer": true,
      "healthHistory": [
        {
          "eventDate": "",
          "eventDescription": "",
          "durationDescription": "",
          "treatmentDescription": "",
          "recovered": true
        }
      ]
    }
  ],
  "physician": {
    "physicianFirstName": "Jon",
    "physicianLastName": "Doe",
    "addressLine1": "123 Main Ave",
    "addressCity": "New York",
    "addressStateCode": "NY",
    "addressPostalCode": "742444733"
  }
}
